{"cameraMode":{"drawMode":0,"name":"Shaded","section":"Shading Mode"},"sceneLighting":true,"audioPlay":false,"sceneViewState":{"m_AlwaysRefresh":false,"showFog":true,"showSkybox":false,"showFlares":true,"showImageEffects":true,"showParticleSystems":true,"showVisualEffectGraphs":true,"m_FxEnabled":true},"in2DMode":false,"pivot":{"x":-193.71746826171876,"y":303.74395751953127,"z":-585.989013671875},"rotation":{"x":0.005510775372385979,"y":0.9912831783294678,"z":0.04403223842382431,"w":-0.12405549734830857},"size":299.7847900390625,"orthographic":false}