{"cameraMode":{"drawMode":0,"name":"Shaded","section":"Shading Mode"},"sceneLighting":true,"audioPlay":false,"sceneViewState":{"m_AlwaysRefresh":false,"showFog":true,"showSkybox":false,"showFlares":true,"showImageEffects":true,"showParticleSystems":true,"showVisualEffectGraphs":true,"m_FxEnabled":true},"in2DMode":false,"pivot":{"x":-47.01387405395508,"y":250.63406372070313,"z":-5.762876987457275},"rotation":{"x":-0.07788445055484772,"y":-0.9210783839225769,"z":0.29159489274024966,"w":-0.24601668119430543},"size":0.01656407117843628,"orthographic":false}